{
	"format_version": "1.10.0",
	"animation_controllers": {
		"controller.animation.player.sneakingVariable": {
			"states": {
				"default": {
					"transitions": [
	            {
              "walking": "(1.0)"
            }
          ],
          "on_entry": [
            "/function piggy"
          ]
        },
        "walking": {
          "transitions": [
            {
              "default": "(1.0)"
            }
          ],
          "on_entry": [
            "/function piggy"
          ]
        }
      }
    }
  }
}
