{
	"format_version": "1.10.0",
	"geometry.chili": {
		"texturewidth": 64,
		"textureheight": 64,
		"visible_bounds_width": 2,
		"visible_bounds_height": 2,
		"visible_bounds_offset": [0, 0, 0],
		"bones": [
			{
				"name": "body",
				"pivot": [0, 24, 0],
				"rotation": [10, 0, 0]
			},
			{
				"name": "bodyArmor",
				"parent": "body",
				"pivot": [0, 24, 0]
			},
			{
				"name": "belt",
				"parent": "body",
				"pivot": [0, 24, 0]
			},
			{
				"name": "waist",
				"pivot": [0, 12, 0]
			},
			{
				"name": "rightLeg",
				"pivot": [-1.9, 12, 0],
				"rotation": [15, 0, 0]
			},
			{
				"name": "rightLegging",
				"parent": "rightLeg",
				"pivot": [-1.9, 12, 0]
			},
			{
				"name": "rightBoot",
				"parent": "rightLeg",
				"pivot": [-1.9, 12, 0]
			},
			{
				"name": "rightSock",
				"parent": "rightLeg",
				"pivot": [-1.9, 12, 0]
			},
			{
				"name": "leftLeg",
				"pivot": [1.9, 12, 0],
				"rotation": [-15, 0, 0],
				"mirror": true
			},
			{
				"name": "leftLegging",
				"parent": "leftLeg",
				"pivot": [1.9, 12, 0],
				"mirror": true
			},
			{
				"name": "leftBoot",
				"parent": "leftLeg",
				"pivot": [1.9, 12, 0],
				"mirror": true
			},
			{
				"name": "leftSock",
				"parent": "leftLeg",
				"pivot": [1.9, 12, 0],
				"mirror": true
			},
			{
				"name": "helmet",
				"pivot": [0, 24, 0]
			},
			{
				"name": "rightArm",
				"pivot": [-5, 22, 0],
				"rotation": [100, 65, 0]
			},
			{
				"name": "rightItem",
				"parent": "rightArm",
				"pivot": [-6, 15, 1]
			},
			{
				"name": "rightArmArmor",
				"parent": "rightArm",
				"pivot": [-5, 22, 0]
			},
			{
				"name": "hat",
				"pivot": [0, 44, 0],
				"rotation": [10, 0, 0]
			},
			{
				"name": "head",
				"pivot": [0, 27.04426, 3.47806],
				"cubes": [
					{"origin": [-1.5, 11, -2], "size": [3, 5, 3], "uv": [52, 0]},
					{"origin": [-0.5, 12, -2], "size": [3, 5, 3], "uv": [52, 0]},
					{"origin": [1.5, 3, -7], "size": [3, 5, 2], "uv": [54, 14]},
					{"origin": [-4.5, 3, -7], "size": [3, 5, 2], "uv": [54, 23]},
					{"origin": [-5.5, 0, -6], "size": [11, 11, 11], "uv": [0, 0]}
				]
			},
			{
				"name": "leftArm",
				"pivot": [5, 22, 0],
				"rotation": [-90, 45, 0],
				"mirror": true
			},
			{
				"name": "leftArmArmor",
				"parent": "leftArm",
				"pivot": [5, 22, 0],
				"mirror": true
			}
		]
	}
}
