{
	"format_version": "1.10.0",
	"geometry.orb": {
		"texturewidth": 64,
		"textureheight": 64,
		"visible_bounds_width": 2,
		"visible_bounds_height": 1,
		"visible_bounds_offset": [0, 0, 0],
		"bones": [
			{
				"name": "waist",
				"pivot": [0, 12, 0]
			},
			{
				"name": "helmet",
				"pivot": [0, 24, 0]
			},
			{
				"name": "hat",
				"pivot": [0, 37, 0]
			},
			{
				"name": "rightItem",
				"pivot": [-6, 15, 1]
			},
			{
				"name": "leftArmArmor",
				"pivot": [5, 22, 0],
				"mirror": true
			},
			{
				"name": "Orb",
				"pivot": [0, 0, 0],
				"cubes": [
					{"origin": [-4.91622, 14.82524, -3.56778], "size": [9, 9, 9], "uv": [48, 34], "mirror": true}
				]
			}
		]
	}
}
