{
	"format_version": "1.10.0",
	"geometry.swen": {
		"texturewidth": 64,
		"textureheight": 64,
		"visible_bounds_width": 3,
		"visible_bounds_height": 3,
		"visible_bounds_offset": [0, 0, 0],
		"bones": [
			{
				"name": "body",
				"pivot": [0, 24, 0],
				"rotation": [10, 0, 0],
				"cubes": [
					{"origin": [-4, 12.3473, -3.96962], "size": [8, 12, 4], "uv": [16, 16]}
				]
			},
			{
				"name": "bodyArmor",
				"parent": "body",
				"pivot": [0, 24, 0]
			},
			{
				"name": "belt",
				"parent": "body",
				"pivot": [0, 24, 0]
			},
			{
				"name": "waist",
				"pivot": [0, 12, 0]
			},
			{
				"name": "rightLeg",
				"pivot": [-1.9, 12, 0],
				"rotation": [15, 0, 0],
				"cubes": [
					{"origin": [-3.9, 0, -2], "size": [4, 12, 4], "uv": [0, 16]}
				]
			},
			{
				"name": "rightLegging",
				"parent": "rightLeg",
				"pivot": [-1.9, 12, 0]
			},
			{
				"name": "rightBoot",
				"parent": "rightLeg",
				"pivot": [-1.9, 12, 0]
			},
			{
				"name": "rightSock",
				"parent": "rightLeg",
				"pivot": [-1.9, 12, 0]
			},
			{
				"name": "leftLeg",
				"pivot": [1.9, 12, 0],
				"rotation": [-15, 0, 0],
				"mirror": true,
				"cubes": [
					{"origin": [-0.1, 0, -2], "size": [4, 12, 4], "uv": [0, 16]}
				]
			},
			{
				"name": "leftLegging",
				"parent": "leftLeg",
				"pivot": [1.9, 12, 0],
				"mirror": true
			},
			{
				"name": "leftBoot",
				"parent": "leftLeg",
				"pivot": [1.9, 12, 0],
				"mirror": true
			},
			{
				"name": "leftSock",
				"parent": "leftLeg",
				"pivot": [1.9, 12, 0],
				"mirror": true
			},
			{
				"name": "helmet",
				"pivot": [0, 24, 0]
			},
			{
				"name": "rightArm",
				"pivot": [-5, 22, 0],
				"rotation": [100, 65, 0],
				"cubes": [
					{"origin": [-6.18738, 12.8324, -1.85323], "size": [4, 12, 4], "uv": [40, 16]},
					{"origin": [-5.51631, 13.82968, -18.72366], "size": [2, 2, 18], "uv": [0, 44]}
				]
			},
			{
				"name": "rightItem",
				"parent": "rightArm",
				"pivot": [-6, 15, 1]
			},
			{
				"name": "rightArmArmor",
				"parent": "rightArm",
				"pivot": [-5, 22, 0]
			},
			{
				"name": "hat",
				"pivot": [0, 44, 0],
				"rotation": [10, 0, 0]
			},
			{
				"name": "head",
				"pivot": [0, 27.04426, -3.52194],
				"rotation": [10, 0, 0],
				"cubes": [
					{"origin": [-4, 23.35964, -7.68068], "size": [8, 8, 8], "uv": [0, 0]},
					{"origin": [-4, 22.72888, -7.3632], "size": [8, 8, 8], "uv": [32, 0], "inflate": 0.5}
				]
			},
			{
				"name": "leftArm",
				"pivot": [5, 22, 0],
				"rotation": [-90, 45, 0],
				"mirror": true,
				"cubes": [
					{"origin": [5.41421, 10.58579, -2], "size": [4, 12, 4], "uv": [40, 16]}
				]
			},
			{
				"name": "leftArmArmor",
				"parent": "leftArm",
				"pivot": [5, 22, 0],
				"mirror": true
			}
		]
	}
}
