{
	"format_version": "1.10.0",
	"geometry.trap": {
		"texturewidth": 64,
		"textureheight": 64,
		"visible_bounds_width": 3,
		"visible_bounds_height": 1,
		"visible_bounds_offset": [0, 0, 0],
		"bones": [
			{
				"name": "body",
				"pivot": [0, 24, 0]
			},
			{
				"name": "bodyArmor",
				"parent": "body",
				"pivot": [0, 24, 0]
			},
			{
				"name": "belt",
				"parent": "body",
				"pivot": [0, 24, 0]
			},
			{
				"name": "waist",
				"pivot": [0, 12, 0]
			},
			{
				"name": "head",
				"pivot": [0, 24, 0]
			},
			{
				"name": "hat",
				"pivot": [0, 24, 0]
			},
			{
				"name": "rightArm",
				"pivot": [-5, 22, 0]
			},
			{
				"name": "rightItem",
				"parent": "rightArm",
				"pivot": [-6, 15, 1]
			},
			{
				"name": "rightArmArmor",
				"parent": "rightArm",
				"pivot": [-5, 22, 0]
			},
			{
				"name": "leftArm",
				"pivot": [5, 22, 0],
				"mirror": true
			},
			{
				"name": "leftArmArmor",
				"parent": "leftArm",
				"pivot": [5, 22, 0],
				"mirror": true
			},
			{
				"name": "rightLeg",
				"pivot": [-1.9, 12, 0]
			},
			{
				"name": "rightLegging",
				"parent": "rightLeg",
				"pivot": [-1.9, 12, 0]
			},
			{
				"name": "rightBoot",
				"parent": "rightLeg",
				"pivot": [-1.9, 12, 0]
			},
			{
				"name": "rightSock",
				"parent": "rightLeg",
				"pivot": [-1.9, 12, 0]
			},
			{
				"name": "leftLeg",
				"pivot": [1.9, 12, 0],
				"mirror": true
			},
			{
				"name": "leftLegging",
				"parent": "leftLeg",
				"pivot": [1.9, 12, 0],
				"mirror": true
			},
			{
				"name": "leftBoot",
				"parent": "leftLeg",
				"pivot": [1.9, 12, 0],
				"mirror": true
			},
			{
				"name": "leftSock",
				"parent": "leftLeg",
				"pivot": [1.9, 12, 0],
				"mirror": true
			},
			{
				"name": "helmet",
				"pivot": [0, 24, 0]
			},
			{
				"name": "Trap",
				"pivot": [0, 0, 0],
				"cubes": [
					{"origin": [-4, 0, -7], "size": [8, 2, 1], "uv": [0, 0]},
					{"origin": [-4, 0, 6], "size": [8, 2, 1], "uv": [0, 0]},
					{"origin": [4, 0, 5], "size": [3, 2, 1], "uv": [0, 0]},
					{"origin": [-7, 0, 5], "size": [3, 2, 1], "uv": [0, 0]},
					{"origin": [-7, 0, -6], "size": [3, 2, 1], "uv": [0, 0]},
					{"origin": [4, 0, -6], "size": [3, 2, 1], "uv": [0, 0]},
					{"origin": [7, 0, -5], "size": [1, 2, 3], "uv": [0, 0]},
					{"origin": [-8, 0, 2], "size": [1, 2, 3], "uv": [0, 0]},
					{"origin": [-8, 0, -5], "size": [1, 2, 3], "uv": [0, 0]},
					{"origin": [7, 0, 2], "size": [1, 2, 3], "uv": [0, 0]},
					{"origin": [8, 0, -2], "size": [1, 2, 4], "uv": [0, 0]},
					{"origin": [-9, 0, -2], "size": [1, 2, 4], "uv": [0, 0]},
					{"origin": [-8, 1, -2], "size": [16, 1, 4], "uv": [0, 0]},
					{"origin": [-3, 2, -3], "size": [6, 1, 6], "uv": [0, 0]},
					{"origin": [-8, 2, 2], "size": [1, 1, 1], "uv": [0, 0]},
					{"origin": [-8, 2, 4], "size": [1, 1, 1], "uv": [0, 0]},
					{"origin": [-8, 2, -5], "size": [1, 1, 1], "uv": [0, 0]},
					{"origin": [-9, 2, 1], "size": [1, 1, 1], "uv": [0, 0]},
					{"origin": [-9, 2, -1], "size": [1, 1, 1], "uv": [0, 0]},
					{"origin": [-8, 2, -3], "size": [1, 1, 1], "uv": [0, 0]},
					{"origin": [-7, 2, -6], "size": [1, 1, 1], "uv": [0, 0]},
					{"origin": [-5, 2, -6], "size": [1, 1, 1], "uv": [0, 0]},
					{"origin": [-4, 2, -7], "size": [1, 1, 1], "uv": [0, 0]},
					{"origin": [-2, 2, -7], "size": [1, 1, 1], "uv": [0, 0]},
					{"origin": [1, 2, -7], "size": [1, 1, 1], "uv": [0, 0]},
					{"origin": [4, 2, -6], "size": [1, 1, 1], "uv": [0, 0]},
					{"origin": [6, 2, -6], "size": [1, 1, 1], "uv": [0, 0]},
					{"origin": [8, 2, -1], "size": [1, 1, 1], "uv": [0, 0]},
					{"origin": [8, 2, 1], "size": [1, 1, 1], "uv": [0, 0]},
					{"origin": [6, 2, 5], "size": [1, 1, 1], "uv": [0, 0]},
					{"origin": [4, 2, 5], "size": [1, 1, 1], "uv": [0, 0]},
					{"origin": [-5, 2, 5], "size": [1, 1, 1], "uv": [0, 0]},
					{"origin": [-7, 2, 5], "size": [1, 1, 1], "uv": [0, 0]},
					{"origin": [-4, 2, 6], "size": [1, 1, 1], "uv": [0, 0]},
					{"origin": [-2, 2, 6], "size": [1, 1, 1], "uv": [0, 0]},
					{"origin": [1, 2, 6], "size": [1, 1, 1], "uv": [0, 0]},
					{"origin": [3, 2, 6], "size": [1, 1, 1], "uv": [0, 0]},
					{"origin": [7, 2, 4], "size": [1, 1, 1], "uv": [0, 0]},
					{"origin": [7, 2, 2], "size": [1, 1, 1], "uv": [0, 0]},
					{"origin": [7, 2, -5], "size": [1, 1, 1], "uv": [0, 0]},
					{"origin": [7, 2, -3], "size": [1, 1, 1], "uv": [0, 0]},
					{"origin": [3, 2, -7], "size": [1, 1, 1], "uv": [0, 0]}
				]
			}
		]
	}
}
