{"resource_pack_name":"Furnicraft[Resource]","texture_name":"atlas.items","texture_data":{"egg_camel":{"textures":"textures/items/egg_camel"},"egg_lion":{"textures":"textures/items/egg_lion"},"egg_penguin":{"textures":"textures/items/egg_penguin"},"egg_tiger":{"textures":"textures/items/egg_tiger"},"egg_elephant":{"textures":"textures/items/egg_elephant"},"egg_deer":{"textures":"textures/items/egg_deer"},"egg_panther":{"textures":"textures/items/egg_panther"},"egg_frog":{"textures":"textures/items/egg_frog"},"egg_crocodile":{"textures":"textures/items/egg_crocodile"},"egg_mouse":{"textures":"textures/items/egg_mouse"},"gallardo":{"textures":"textures/items/gallardo"},"bench":{"textures":"textures/items/bench"},"christmas_tree":{"textures":"textures/items/christmas_tree"},"tivi":{"textures":"textures/items/tivi"},"closet":{"textures":"textures/items/closet"},"laptop":{"textures":"textures/items/laptop"},"piano":{"textures":"textures/items/piano"},"armchairs":{"textures":"textures/items/armchairs"},"chair":{"textures":"textures/items/chair"},"big_table":{"textures":"textures/items/big_table"},"small_table":{"textures":"textures/items/small_table"},"drone":{"textures":"textures/items/drone"},"colorful_gifts":   {"textures":"textures/items/colorful_gifts"},"key:blue": {
      "textures": "textures/items/item/key_blue"
    },
    "key:yellow": {
      "textures": "textures/items/item/key_yellow"
    },
    "key:wrench": {
      "textures": "textures/items/item/key_wrench"
    },
    "key:silver": {
      "textures": "textures/items/item/key_silver"
    },
    "key:green": {
      "textures": "textures/items/item/key_green"
    },
    "key:orange": {
      "textures": "textures/items/item/key_orange"
    },
    "key:purple": {
      "textures": "textures/items/item/key_purple"
    },
    "key:plank": {
      "textures": "textures/items/item/key_plank"
    },
    "key:hammer": {
      "textures": "textures/items/item/key_hammer"
    },
    "key:red": {
      "textures": "textures/items/item/key_red"
    },
"pig:piggy":{"textures":"textures/items/piggy/pig_piggy"},"pig:brother":{"textures":"textures/items/piggy/pig_brother"},"pig:father" :{"textures":"textures/items/piggy/pig_father"},"pig:mother":{"textures":"textures/items/piggy/pig_mother"},"pig:grandmother":{"textures":"textures/items/piggy/pig_grandmother"},"pig:zompiggy":{"textures":"textures/items/piggy/pig_zompiggy"},"pig:potato":{"textures":"textures/items/piggy/pig_potato"},"pig:memory":{"textures":"textures/items/piggy/pig_memory"},"pig:mousy":{"textures":"textures/items/piggy/pig_mousy"},"pig:clowny":{"textures":"textures/items/piggy/pig_clowny"},"pig:torcher":{"textures":"textures/items/piggy/pig_torcher"},"pig:soldier":{"textures":"textures/items/piggy/pig_soldier"},"pig:robby":{"textures":"textures/items/piggy/pig_robby"},"special:swen":{"textures":"textures/items/piggy/special_swen"},"special:chili":{"textures":"textures/items/piggy/special_chili"},"special:kaneki":{"textures":"textures/items/piggy/special_kaneki"},"special:firelite":{"textures":"textures/items/piggy/special_firelite"}}}
